kind,facing,branch,mirror,half,model,geometry_status,fixture_case,blank_exact,blank_actual,support_exact,support_actual,lone_half_exact,new_visual,BlockItem
full,north,false,false,lower,britannia_mod:block/structure/plaster/plaster_wall_and_support_blank_corner,junction_post_present,2,True,"{'half': 'lower', 'shape': 'corner', 'facing': 'north', 'branch_right': 'false', 'mirrored': 'false'}",True,"{'half': 'lower', 'shape': 'corner', 'facing': 'north', 'branch_right': 'false', 'mirrored': 'false'}",,PENDING_OWNER_COMPARISON,NOT_EXECUTED_IN_DISCOVERY
full,north,false,false,upper,minecraft:block/air,upper_air_lower_owns_both_sections,2,True,"{'half': 'upper', 'shape': 'corner', 'facing': 'north', 'branch_right': 'false', 'mirrored': 'false'}",True,"{'half': 'upper', 'shape': 'corner', 'facing': 'north', 'branch_right': 'false', 'mirrored': 'false'}",,PENDING_OWNER_COMPARISON,NOT_EXECUTED_IN_DISCOVERY
full,north,false,true,lower,britannia_mod:block/structure/plaster/plaster_wall_and_support_blank_corner_mirrored,junction_post_present,3,True,"{'half': 'lower', 'shape': 'corner', 'facing': 'north', 'branch_right': 'false', 'mirrored': 'true'}",True,"{'half': 'lower', 'shape': 'corner', 'facing': 'north', 'branch_right': 'false', 'mirrored': 'true'}",,PENDING_OWNER_COMPARISON,NOT_EXECUTED_IN_DISCOVERY
full,north,false,true,upper,minecraft:block/air,upper_air_lower_owns_both_sections,3,True,"{'half': 'upper', 'shape': 'corner', 'facing': 'north', 'branch_right': 'false', 'mirrored': 'true'}",True,"{'half': 'upper', 'shape': 'corner', 'facing': 'north', 'branch_right': 'false', 'mirrored': 'true'}",,PENDING_OWNER_COMPARISON,NOT_EXECUTED_IN_DISCOVERY
full,north,true,false,lower,britannia_mod:block/structure/plaster/plaster_wall_and_support_blank_corner_branch_right,junction_post_present,4,True,"{'half': 'lower', 'shape': 'corner', 'facing': 'north', 'branch_right': 'true', 'mirrored': 'false'}",True,"{'half': 'lower', 'shape': 'corner', 'facing': 'north', 'branch_right': 'true', 'mirrored': 'false'}",,PENDING_OWNER_COMPARISON,NOT_EXECUTED_IN_DISCOVERY
full,north,true,false,upper,minecraft:block/air,upper_air_lower_owns_both_sections,4,True,"{'half': 'upper', 'shape': 'corner', 'facing': 'north', 'branch_right': 'true', 'mirrored': 'false'}",True,"{'half': 'upper', 'shape': 'corner', 'facing': 'north', 'branch_right': 'true', 'mirrored': 'false'}",,PENDING_OWNER_COMPARISON,NOT_EXECUTED_IN_DISCOVERY
full,north,true,true,lower,britannia_mod:block/structure/plaster/plaster_wall_and_support_blank_corner_branch_right_mirrored,junction_post_present,5,True,"{'half': 'lower', 'shape': 'corner', 'facing': 'north', 'branch_right': 'true', 'mirrored': 'true'}",True,"{'half': 'lower', 'shape': 'corner', 'facing': 'north', 'branch_right': 'true', 'mirrored': 'true'}",,PENDING_OWNER_COMPARISON,NOT_EXECUTED_IN_DISCOVERY
full,north,true,true,upper,minecraft:block/air,upper_air_lower_owns_both_sections,5,True,"{'half': 'upper', 'shape': 'corner', 'facing': 'north', 'branch_right': 'true', 'mirrored': 'true'}",True,"{'half': 'upper', 'shape': 'corner', 'facing': 'north', 'branch_right': 'true', 'mirrored': 'true'}",,PENDING_OWNER_COMPARISON,NOT_EXECUTED_IN_DISCOVERY
full,east,false,false,lower,britannia_mod:block/structure/plaster/plaster_wall_and_support_blank_corner,junction_post_present,6,True,"{'half': 'lower', 'shape': 'corner', 'facing': 'east', 'branch_right': 'false', 'mirrored': 'false'}",False,"{'half': 'lower', 'shape': 'corner', 'facing': 'north', 'branch_right': 'true', 'mirrored': 'false'}",,PENDING_OWNER_COMPARISON,NOT_EXECUTED_IN_DISCOVERY
full,east,false,false,upper,minecraft:block/air,upper_air_lower_owns_both_sections,6,True,"{'half': 'upper', 'shape': 'corner', 'facing': 'east', 'branch_right': 'false', 'mirrored': 'false'}",False,"{'half': 'upper', 'shape': 'corner', 'facing': 'north', 'branch_right': 'true', 'mirrored': 'false'}",,PENDING_OWNER_COMPARISON,NOT_EXECUTED_IN_DISCOVERY
full,east,false,true,lower,britannia_mod:block/structure/plaster/plaster_wall_and_support_blank_corner_mirrored,junction_post_present,7,True,"{'half': 'lower', 'shape': 'corner', 'facing': 'east', 'branch_right': 'false', 'mirrored': 'true'}",False,"{'half': 'lower', 'shape': 'corner', 'facing': 'south', 'branch_right': 'true', 'mirrored': 'true'}",,PENDING_OWNER_COMPARISON,NOT_EXECUTED_IN_DISCOVERY
full,east,false,true,upper,minecraft:block/air,upper_air_lower_owns_both_sections,7,True,"{'half': 'upper', 'shape': 'corner', 'facing': 'east', 'branch_right': 'false', 'mirrored': 'true'}",False,"{'half': 'upper', 'shape': 'corner', 'facing': 'south', 'branch_right': 'true', 'mirrored': 'true'}",,PENDING_OWNER_COMPARISON,NOT_EXECUTED_IN_DISCOVERY
full,east,true,false,lower,britannia_mod:block/structure/plaster/plaster_wall_and_support_blank_corner_branch_right,junction_post_present,8,True,"{'half': 'lower', 'shape': 'corner', 'facing': 'east', 'branch_right': 'true', 'mirrored': 'false'}",False,"{'half': 'lower', 'shape': 'corner', 'facing': 'south', 'branch_right': 'false', 'mirrored': 'false'}",,PENDING_OWNER_COMPARISON,NOT_EXECUTED_IN_DISCOVERY
full,east,true,false,upper,minecraft:block/air,upper_air_lower_owns_both_sections,8,True,"{'half': 'upper', 'shape': 'corner', 'facing': 'east', 'branch_right': 'true', 'mirrored': 'false'}",False,"{'half': 'upper', 'shape': 'corner', 'facing': 'south', 'branch_right': 'false', 'mirrored': 'false'}",,PENDING_OWNER_COMPARISON,NOT_EXECUTED_IN_DISCOVERY
full,east,true,true,lower,britannia_mod:block/structure/plaster/plaster_wall_and_support_blank_corner_branch_right_mirrored,junction_post_present,9,True,"{'half': 'lower', 'shape': 'corner', 'facing': 'east', 'branch_right': 'true', 'mirrored': 'true'}",False,"{'half': 'lower', 'shape': 'corner', 'facing': 'north', 'branch_right': 'false', 'mirrored': 'true'}",,PENDING_OWNER_COMPARISON,NOT_EXECUTED_IN_DISCOVERY
full,east,true,true,upper,minecraft:block/air,upper_air_lower_owns_both_sections,9,True,"{'half': 'upper', 'shape': 'corner', 'facing': 'east', 'branch_right': 'true', 'mirrored': 'true'}",False,"{'half': 'upper', 'shape': 'corner', 'facing': 'north', 'branch_right': 'false', 'mirrored': 'true'}",,PENDING_OWNER_COMPARISON,NOT_EXECUTED_IN_DISCOVERY
full,south,false,false,lower,britannia_mod:block/structure/plaster/plaster_wall_and_support_blank_corner,junction_post_present,0,True,"{'half': 'lower', 'shape': 'corner', 'facing': 'south', 'branch_right': 'false', 'mirrored': 'false'}",True,"{'half': 'lower', 'shape': 'corner', 'facing': 'south', 'branch_right': 'false', 'mirrored': 'false'}",,PENDING_OWNER_COMPARISON,NOT_EXECUTED_IN_DISCOVERY
full,south,false,false,upper,minecraft:block/air,upper_air_lower_owns_both_sections,0,True,"{'half': 'upper', 'shape': 'corner', 'facing': 'south', 'branch_right': 'false', 'mirrored': 'false'}",True,"{'half': 'upper', 'shape': 'corner', 'facing': 'south', 'branch_right': 'false', 'mirrored': 'false'}",,PENDING_OWNER_COMPARISON,NOT_EXECUTED_IN_DISCOVERY
full,south,false,true,lower,britannia_mod:block/structure/plaster/plaster_wall_and_support_blank_corner_mirrored,junction_post_present,10,True,"{'half': 'lower', 'shape': 'corner', 'facing': 'south', 'branch_right': 'false', 'mirrored': 'true'}",True,"{'half': 'lower', 'shape': 'corner', 'facing': 'south', 'branch_right': 'false', 'mirrored': 'true'}",,PENDING_OWNER_COMPARISON,NOT_EXECUTED_IN_DISCOVERY
full,south,false,true,upper,minecraft:block/air,upper_air_lower_owns_both_sections,10,True,"{'half': 'upper', 'shape': 'corner', 'facing': 'south', 'branch_right': 'false', 'mirrored': 'true'}",True,"{'half': 'upper', 'shape': 'corner', 'facing': 'south', 'branch_right': 'false', 'mirrored': 'true'}",,PENDING_OWNER_COMPARISON,NOT_EXECUTED_IN_DISCOVERY
full,south,true,false,lower,britannia_mod:block/structure/plaster/plaster_wall_and_support_blank_corner_branch_right,junction_post_present,1,True,"{'half': 'lower', 'shape': 'corner', 'facing': 'south', 'branch_right': 'true', 'mirrored': 'false'}",True,"{'half': 'lower', 'shape': 'corner', 'facing': 'south', 'branch_right': 'true', 'mirrored': 'false'}",,PENDING_OWNER_COMPARISON,NOT_EXECUTED_IN_DISCOVERY
full,south,true,false,upper,minecraft:block/air,upper_air_lower_owns_both_sections,1,True,"{'half': 'upper', 'shape': 'corner', 'facing': 'south', 'branch_right': 'true', 'mirrored': 'false'}",True,"{'half': 'upper', 'shape': 'corner', 'facing': 'south', 'branch_right': 'true', 'mirrored': 'false'}",,PENDING_OWNER_COMPARISON,NOT_EXECUTED_IN_DISCOVERY
full,south,true,true,lower,britannia_mod:block/structure/plaster/plaster_wall_and_support_blank_corner_branch_right_mirrored,junction_post_present,11,True,"{'half': 'lower', 'shape': 'corner', 'facing': 'south', 'branch_right': 'true', 'mirrored': 'true'}",True,"{'half': 'lower', 'shape': 'corner', 'facing': 'south', 'branch_right': 'true', 'mirrored': 'true'}",,PENDING_OWNER_COMPARISON,NOT_EXECUTED_IN_DISCOVERY
full,south,true,true,upper,minecraft:block/air,upper_air_lower_owns_both_sections,11,True,"{'half': 'upper', 'shape': 'corner', 'facing': 'south', 'branch_right': 'true', 'mirrored': 'true'}",True,"{'half': 'upper', 'shape': 'corner', 'facing': 'south', 'branch_right': 'true', 'mirrored': 'true'}",,PENDING_OWNER_COMPARISON,NOT_EXECUTED_IN_DISCOVERY
full,west,false,false,lower,britannia_mod:block/structure/plaster/plaster_wall_and_support_blank_corner,junction_post_present,12,True,"{'half': 'lower', 'shape': 'corner', 'facing': 'west', 'branch_right': 'false', 'mirrored': 'false'}",False,"{'half': 'lower', 'shape': 'corner', 'facing': 'south', 'branch_right': 'true', 'mirrored': 'false'}",,PENDING_OWNER_COMPARISON,NOT_EXECUTED_IN_DISCOVERY
full,west,false,false,upper,minecraft:block/air,upper_air_lower_owns_both_sections,12,True,"{'half': 'upper', 'shape': 'corner', 'facing': 'west', 'branch_right': 'false', 'mirrored': 'false'}",False,"{'half': 'upper', 'shape': 'corner', 'facing': 'south', 'branch_right': 'true', 'mirrored': 'false'}",,PENDING_OWNER_COMPARISON,NOT_EXECUTED_IN_DISCOVERY
full,west,false,true,lower,britannia_mod:block/structure/plaster/plaster_wall_and_support_blank_corner_mirrored,junction_post_present,13,True,"{'half': 'lower', 'shape': 'corner', 'facing': 'west', 'branch_right': 'false', 'mirrored': 'true'}",False,"{'half': 'lower', 'shape': 'corner', 'facing': 'north', 'branch_right': 'true', 'mirrored': 'true'}",,PENDING_OWNER_COMPARISON,NOT_EXECUTED_IN_DISCOVERY
full,west,false,true,upper,minecraft:block/air,upper_air_lower_owns_both_sections,13,True,"{'half': 'upper', 'shape': 'corner', 'facing': 'west', 'branch_right': 'false', 'mirrored': 'true'}",False,"{'half': 'upper', 'shape': 'corner', 'facing': 'north', 'branch_right': 'true', 'mirrored': 'true'}",,PENDING_OWNER_COMPARISON,NOT_EXECUTED_IN_DISCOVERY
full,west,true,false,lower,britannia_mod:block/structure/plaster/plaster_wall_and_support_blank_corner_branch_right,junction_post_present,14,True,"{'half': 'lower', 'shape': 'corner', 'facing': 'west', 'branch_right': 'true', 'mirrored': 'false'}",False,"{'half': 'lower', 'shape': 'corner', 'facing': 'north', 'branch_right': 'false', 'mirrored': 'false'}",,PENDING_OWNER_COMPARISON,NOT_EXECUTED_IN_DISCOVERY
full,west,true,false,upper,minecraft:block/air,upper_air_lower_owns_both_sections,14,True,"{'half': 'upper', 'shape': 'corner', 'facing': 'west', 'branch_right': 'true', 'mirrored': 'false'}",False,"{'half': 'upper', 'shape': 'corner', 'facing': 'north', 'branch_right': 'false', 'mirrored': 'false'}",,PENDING_OWNER_COMPARISON,NOT_EXECUTED_IN_DISCOVERY
full,west,true,true,lower,britannia_mod:block/structure/plaster/plaster_wall_and_support_blank_corner_branch_right_mirrored,junction_post_present,15,True,"{'half': 'lower', 'shape': 'corner', 'facing': 'west', 'branch_right': 'true', 'mirrored': 'true'}",False,"{'half': 'lower', 'shape': 'corner', 'facing': 'south', 'branch_right': 'false', 'mirrored': 'true'}",,PENDING_OWNER_COMPARISON,NOT_EXECUTED_IN_DISCOVERY
full,west,true,true,upper,minecraft:block/air,upper_air_lower_owns_both_sections,15,True,"{'half': 'upper', 'shape': 'corner', 'facing': 'west', 'branch_right': 'true', 'mirrored': 'true'}",False,"{'half': 'upper', 'shape': 'corner', 'facing': 'south', 'branch_right': 'false', 'mirrored': 'true'}",,PENDING_OWNER_COMPARISON,NOT_EXECUTED_IN_DISCOVERY
half_wall,north,false,N/A,N/A,britannia_mod:block/structure/plaster/plaster_wall_and_support_blank_half_corner,junction_post_present,16,True,"{'shape': 'corner', 'facing': 'north', 'branch_right': 'false'}",True,"{'shape': 'corner', 'facing': 'north', 'branch_right': 'false'}",True,PENDING_OWNER_COMPARISON,NOT_EXECUTED_IN_DISCOVERY
half_wall,north,true,N/A,N/A,britannia_mod:block/structure/plaster/plaster_wall_and_support_blank_half_corner_branch_right,junction_post_present,17,True,"{'shape': 'corner', 'facing': 'north', 'branch_right': 'true'}",True,"{'shape': 'corner', 'facing': 'north', 'branch_right': 'true'}",True,PENDING_OWNER_COMPARISON,NOT_EXECUTED_IN_DISCOVERY
half_wall,east,false,N/A,N/A,britannia_mod:block/structure/plaster/plaster_wall_and_support_blank_half_corner,junction_post_present,18,False,"{'shape': 'corner', 'facing': 'north', 'branch_right': 'true'}",False,"{'shape': 'corner', 'facing': 'north', 'branch_right': 'true'}",True,PENDING_OWNER_COMPARISON,NOT_EXECUTED_IN_DISCOVERY
half_wall,east,true,N/A,N/A,britannia_mod:block/structure/plaster/plaster_wall_and_support_blank_half_corner_branch_right,junction_post_present,19,False,"{'shape': 'corner', 'facing': 'south', 'branch_right': 'false'}",False,"{'shape': 'corner', 'facing': 'south', 'branch_right': 'false'}",True,PENDING_OWNER_COMPARISON,NOT_EXECUTED_IN_DISCOVERY
half_wall,south,false,N/A,N/A,britannia_mod:block/structure/plaster/plaster_wall_and_support_blank_half_corner,junction_post_present,20,True,"{'shape': 'corner', 'facing': 'south', 'branch_right': 'false'}",True,"{'shape': 'corner', 'facing': 'south', 'branch_right': 'false'}",True,PENDING_OWNER_COMPARISON,NOT_EXECUTED_IN_DISCOVERY
half_wall,south,true,N/A,N/A,britannia_mod:block/structure/plaster/plaster_wall_and_support_blank_half_corner_branch_right,junction_post_present,21,True,"{'shape': 'corner', 'facing': 'south', 'branch_right': 'true'}",True,"{'shape': 'corner', 'facing': 'south', 'branch_right': 'true'}",True,PENDING_OWNER_COMPARISON,NOT_EXECUTED_IN_DISCOVERY
half_wall,west,false,N/A,N/A,britannia_mod:block/structure/plaster/plaster_wall_and_support_blank_half_corner,junction_post_present,22,False,"{'shape': 'corner', 'facing': 'south', 'branch_right': 'true'}",False,"{'shape': 'corner', 'facing': 'south', 'branch_right': 'true'}",True,PENDING_OWNER_COMPARISON,NOT_EXECUTED_IN_DISCOVERY
half_wall,west,true,N/A,N/A,britannia_mod:block/structure/plaster/plaster_wall_and_support_blank_half_corner_branch_right,junction_post_present,23,False,"{'shape': 'corner', 'facing': 'north', 'branch_right': 'false'}",False,"{'shape': 'corner', 'facing': 'north', 'branch_right': 'false'}",True,PENDING_OWNER_COMPARISON,NOT_EXECUTED_IN_DISCOVERY
